m,k,D,epsilon,minPTS,datasize,sDBSCANtime,DBSCANtime,NMI
50,40,1024.0,0.11,50,70000,178.04862656,76.7245773000177,0.6762380715617604
100,20,1024.0,0.11,50,70000,176.9367030,76.7245773000177,0.7550435628328537
200,10,1024.0,0.11,50,70000,176.4414378,76.7245773000177,0.8245104341438442
400,5,1024.0,0.11,50,70000,176.82521708,76.7245773000177,0.8537647227712114
1000,2,1024.0,0.11,50,70000,177.67941882,76.7245773000177,0.8800560983349144
2000,1,1024.0,0.11,50,70000,178.15148482,76.7245773000177,0.8825526466803065
2000,2,1024.0,0.11,50,70000,289.46315222,76.7245773000177,0.9606077418595265